1,OakGrove
2,Malden
3,Wonderland
4,RevereBeach
5,Wellington
6,Beachmont
7,Davis
8,Alewife
9,SuffolkDowns
10,Porter
11,OrientHeights
12,SullivanSquare
13,WoodIsland
14,Harvard
15,CommunityCollege
16,Airport
17,Lechmere
18,Maverick
19,SciencePark
20,NorthStation
21,Central
22,Haymarket
23,Kendall
24,Bowdoin
25,Charles/MGH
26,Aquarium
27,GovernmentCenter
28,State
29,ParkStreet
30,DowntownCrossing
31,Boylston
32,Chinatown
33,SouthStation
34,Arlington
35,BabcockStreet
36,BrightonAvenue
37,PleasantStreet
38,St.PaulStreet
39,BostonUniversityWest
40,FordhamRoad
41,Copley
42,HarvardAvenue
43,BostonUniversityCentral
44,NewEnglandMedicalCenter
45,BostonUniversityEast
46,BlandfordStreet
47,Kenmore
48,GriggsStreet/LongwoodAvenue
49,WarrenStreet
50,AllstonStreet
51,Hynes/ICA
52,BackBay/SouthEnd
53,Prudential
54,St.Mary'sStreet
55,SummitAvenue
56,HawesStreet
57,Fenway
58,KentStreet
59,WashingtonStreet
60,Broadway
61,St.PaulStreet
62,Symphony
63,CoolidgeCorner
64,MassachusettsAvenue
65,Longwood
66,MountHoodRoad
67,SutherlandRoad
68,WinchesterStreet/SummitAv.
69,BostonCollege
70,NortheasternUniversity
71,ChiswickRoad
72,GreycliffRoad
73,BrandonHall
74,FairbanksStreet
75,SouthStreet
76,WashingtonSquare
77,TappanStreet
78,ChestnutHillAvenue
79,MuseumofFineArts
80,DeanRoad
81,EnglewoodAvenue
82,Ruggles
83,ClevelandCircle
84,LongwoodMedicalArea
85,Beaconsfield
86,Reservoir
87,BrighamCircle
88,FenwoodRoad
89,MissionPark
90,BrooklineVillage
91,BrooklineHills
92,Riverway
93,RoxburyCrossing
94,Andrew
95,BackOfTheHill
96,HeathStreet
97,JacksonSquare
98,JFK/UMass
99,StonyBrook
100,SavinHill
101,GreenStreet
102,ForestHills
103,FieldsCorner
104,Shawmut
105,Ashmont
106,CedarGrove
107,ButlerStreet
108,Milton
109,CentralAvenue
110,ValleyRoad
111,CapenStreet
112,Mattapan
113,ChesnutHill
114,NewtonCenter
115,NewtonHighlands
116,Eliot
117,Waban
118,Woodland
119,Riverside
120,NorthQuincy
121,Wollaston
122,QuincyCenter
123,QuincyAdams
124,Braintree
